id,seismic,seismoacoustic,shift,genergy,gpuls,gdenergy,gdpuls,ghazard,nbumps,nbumps2,nbumps3,nbumps4,nbumps5,nbumps6,nbumps7,nbumps89,energy,maxenergy,class
1,a,a,N,43650,334,38,90,a,0,0,0,0,0,0,0,0,0,0,0
2,a,a,W,154830,1252,33,11,a,2,2,0,0,0,0,0,0,1100,700,0
3,a,b,W,121720,1170,1,2,a,1,0,1,0,0,0,0,0,5000,5000,0
4,a,b,W,111950,997,-8,-13,a,4,3,1,0,0,0,0,0,4400,3000,0
5,a,b,W,190960,1651,58,45,a,2,0,2,0,0,0,0,0,11000,9000,0
6,a,b,W,95620,996,-26,-17,a,0,0,0,0,0,0,0,0,0,0,0
7,a,b,W,133430,1074,5,-9,a,6,2,4,0,0,0,0,0,16700,8000,0
8,a,b,W,253510,2069,98,76,a,4,2,2,0,0,0,0,0,7100,4000,0
9,a,b,W,121870,935,-15,-26,a,2,2,0,0,0,0,0,0,900,500,0
10,a,b,W,148160,1282,1,0,a,2,2,0,0,0,0,0,0,1300,900,0
11,a,b,W,156780,1301,10,6,a,4,3,1,0,0,0,0,0,4700,3000,0
12,a,b,N,23000,157,-28,-17,a,1,0,1,0,0,0,0,0,2000,2000,0
13,b,a,W,163510,1534,13,23,a,2,0,1,1,0,0,0,0,72000,70000,0
14,b,b,W,92760,967,-42,-31,b,5,3,1,1,0,0,0,0,65800,60000,0
15,b,b,W,105810,958,-27,-26,a,3,1,2,0,0,0,0,0,14900,8000,0
16,b,b,W,128260,1235,-10,-5,a,1,0,1,0,0,0,0,0,1000,1000,0
17,b,a,W,186280,1921,39,51,a,3,1,1,1,0,0,0,0,72500,70000,0
18,b,a,W,195950,1913,38,40,a,4,3,1,0,0,0,0,0,2700,1000,0
19,b,a,W,117120,1095,-22,-24,a,3,2,1,0,0,0,0,0,5700,4000,0
20,a,b,W,273200,2387,89,71,a,2,1,1,0,0,0,0,0,3400,3000,0
21,a,b,W,121400,1063,-23,-29,a,2,0,2,0,0,0,0,0,8000,6000,0
22,a,b,W,200350,1668,43,24,a,0,0,0,0,0,0,0,0,0,0,0
23,a,a,W,130940,1397,-14,-2,a,1,0,1,0,0,0,0,0,2000,2000,0
24,a,a,N,38450,343,26,85,a,1,0,1,0,0,0,0,0,1000,1000,0
25,b,a,N,12380,126,-56,-35,a,1,0,0,1,0,0,0,0,70000,70000,0
26,b,a,N,12150,118,-52,-36,a,1,0,1,0,0,0,0,0,3000,3000,0
27,b,a,W,265250,2852,64,84,a,2,0,1,1,0,0,0,0,23000,20000,0
28,b,a,W,162190,1702,-7,0,a,0,0,0,0,0,0,0,0,0,0,0
29,b,a,W,229070,2597,30,51,a,2,0,0,2,0,0,0,0,100000,80000,0
30,b,a,W,132470,1552,-28,-16,a,5,2,2,1,0,0,0,0,54800,50000,0
31,b,a,W,151210,1727,-18,-12,a,4,1,2,1,0,0,0,0,31800,20000,0
32,b,a,W,118120,1716,-33,-14,a,1,0,0,1,0,0,0,0,20000,20000,0
33,b,a,W,185910,2451,8,24,a,8,4,4,0,0,0,0,0,11300,4000,0
34,b,a,W,197590,2804,20,44,a,8,8,0,0,0,0,0,0,4700,800,0
35,a,a,N,26780,345,18,94,a,0,0,0,0,0,0,0,0,0,0,0
36,a,a,N,9670,186,-59,-7,a,0,0,0,0,0,0,0,0,0,0,0
37,a,a,N,9980,170,-54,-13,a,1,0,1,0,0,0,0,0,1000,1000,0
38,a,a,N,8760,133,-59,-33,a,1,1,0,0,0,0,0,0,600,600,0
39,a,a,N,7370,110,-63,-46,a,0,0,0,0,0,0,0,0,0,0,0
40,a,a,N,4580,91,-72,-50,a,1,0,1,0,0,0,0,0,1000,1000,0
41,a,a,N,4610,78,-68,-55,a,0,0,0,0,0,0,0,0,0,0,0
42,b,a,W,68920,1004,-59,-51,a,3,0,2,1,0,0,0,0,66000,60000,0
43,b,a,W,134870,2096,-17,4,a,4,2,2,0,0,0,0,0,5100,3000,0
44,b,a,W,71650,1173,-53,-40,a,1,0,1,0,0,0,0,0,7000,7000,0
45,a,a,W,159910,2345,12,23,a,3,1,2,0,0,0,0,0,4400,3000,0
46,a,a,W,172530,2873,18,44,a,3,2,1,0,0,0,0,0,2300,1000,0
47,a,a,W,93120,1238,-32,-38,a,1,0,1,0,0,0,0,0,2000,2000,0
48,a,a,W,27830,190,-79,-90,a,4,0,4,0,0,0,0,0,19000,8000,0
49,a,a,W,44320,269,-64,-85,a,2,0,2,0,0,0,0,0,3000,2000,0
50,a,a,W,26830,192,-77,-88,a,1,1,0,0,0,0,0,0,600,600,0
51,a,a,W,29240,217,-71,-85,a,2,0,2,0,0,0,0,0,8000,5000,0
52,a,a,W,47740,276,-42,-76,a,4,1,3,0,0,0,0,0,7800,3000,0
53,a,a,W,36520,209,-55,-81,a,3,2,1,0,0,0,0,0,9800,9000,0
54,a,a,W,28360,181,-60,-80,a,2,1,1,0,0,0,0,0,3800,3000,0
55,a,a,W,29990,203,-55,-75,a,3,1,2,0,0,0,0,0,9400,6000,0
56,a,a,W,21060,106,-61,-82,a,0,0,0,0,0,0,0,0,0,0,0
57,a,a,W,18240,87,-53,-72,a,2,1,1,0,0,0,0,0,2500,2000,0
58,a,a,W,33660,248,9,28,a,4,2,2,0,0,0,0,0,11100,8000,0
59,a,a,W,21670,132,-31,-34,a,3,2,1,0,0,0,0,0,3400,2000,0
60,a,a,N,5990,53,-42,-64,a,0,0,0,0,0,0,0,0,0,0,0
61,a,a,N,6430,30,-33,-79,a,1,1,0,0,0,0,0,0,300,300,0
62,a,a,N,3020,19,-66,-85,a,1,0,1,0,0,0,0,0,2000,2000,0
63,a,a,W,23400,140,-20,-24,a,3,3,0,0,0,0,0,0,2000,800,0
64,a,a,W,45990,349,59,94,a,3,2,1,0,0,0,0,0,4200,3000,0
65,a,a,W,19570,153,-36,-21,a,1,1,0,0,0,0,0,0,700,700,0
66,a,a,W,32550,167,17,-8,a,9,5,4,0,0,0,0,0,13200,6000,0
67,a,b,W,53860,346,96,96,a,5,1,4,0,0,0,0,0,13700,9000,0
68,a,b,W,37810,238,26,23,a,6,5,1,0,0,0,0,0,5400,2000,0
69,a,b,W,10130,133,-67,-32,a,1,0,1,0,0,0,0,0,2000,2000,0
70,a,b,W,57860,383,95,92,a,2,1,1,0,0,0,0,0,4700,4000,0
71,a,b,W,42470,326,26,42,a,2,2,0,0,0,0,0,0,1200,700,0
72,a,b,W,42840,248,24,5,a,3,0,3,0,0,0,0,0,4000,2000,0
73,a,b,N,13060,81,96,-18,a,0,0,0,0,0,0,0,0,0,0,0
74,a,b,W,15930,177,-57,-29,a,2,1,1,0,0,0,0,0,2600,2000,0
75,a,b,W,60340,495,68,96,a,5,3,2,0,0,0,0,0,12500,8000,0
76,a,b,W,39690,416,6,56,a,2,1,1,0,0,0,0,0,1700,1000,0
77,a,b,W,32930,271,-16,-7,a,1,0,1,0,0,0,0,0,3000,3000,0
78,a,a,W,18210,150,-54,-51,a,3,1,2,0,0,0,0,0,7700,5000,0
79,a,a,W,24790,236,-31,-17,a,1,1,0,0,0,0,0,0,600,600,0
80,a,a,W,43490,352,26,24,a,0,0,0,0,0,0,0,0,0,0,0
81,a,a,N,10850,131,55,49,a,0,0,0,0,0,0,0,0,0,0,0
82,a,a,N,3770,50,-47,-40,a,0,0,0,0,0,0,0,0,0,0,0
83,a,a,N,3650,41,-44,-46,a,1,0,1,0,0,0,0,0,4000,4000,0
84,a,a,W,8380,47,-78,-85,a,1,0,1,0,0,0,0,0,6000,6000,0
85,a,b,W,61110,439,86,62,a,4,4,0,0,0,0,0,0,1600,600,0
86,a,b,W,39880,342,15,21,a,3,1,2,0,0,0,0,0,2800,1000,0
87,a,b,W,19170,158,-44,-46,a,2,1,1,0,0,0,0,0,4500,4000,0
88,a,a,W,17750,151,-49,-48,a,1,1,0,0,0,0,0,0,400,400,0
89,a,a,W,41740,331,37,29,a,2,2,0,0,0,0,0,0,1100,700,0
90,a,a,W,35800,341,16,38,a,0,0,0,0,0,0,0,0,0,0,0
91,a,b,W,48820,446,57,75,b,5,4,1,0,0,0,0,0,3900,2000,0
92,a,b,W,29470,347,-14,22,b,0,0,0,0,0,0,0,0,0,0,0
93,a,b,W,23050,202,-33,-32,b,4,2,2,0,0,0,0,0,5100,3000,0
94,a,b,W,37820,347,16,24,a,3,2,1,0,0,0,0,0,4000,3000,0
95,a,b,W,33800,316,-5,2,a,2,1,1,0,0,0,0,0,3400,3000,0
96,a,a,W,13830,145,-58,-51,a,3,2,1,0,0,0,0,0,3900,3000,0
97,a,a,W,46170,404,53,45,a,1,1,0,0,0,0,0,0,700,700,0
98,a,a,W,35510,313,8,3,a,1,1,0,0,0,0,0,0,500,500,0
99,a,a,W,31040,322,-10,1,a,5,2,3,0,0,0,0,0,9000,4000,0
100,a,a,W,47690,518,42,63,a,6,4,2,0,0,0,0,0,7400,3000,0
101,a,a,W,28130,347,-19,3,a,3,2,1,0,0,0,0,0,3100,2000,0
102,a,a,N,4760,94,-23,37,a,0,0,0,0,0,0,0,0,0,0,0
103,a,a,N,3860,77,-38,12,a,0,0,0,0,0,0,0,0,0,0,0
104,a,a,N,2210,34,-64,-51,a,2,1,1,0,0,0,0,0,3400,3000,0
105,a,a,W,12610,157,-61,-52,a,1,0,1,0,0,0,0,0,2000,2000,0
106,a,a,W,39390,460,27,50,a,6,5,1,0,0,0,0,0,4800,2000,0
107,a,a,W,19630,295,-40,-11,a,3,2,1,0,0,0,0,0,8300,7000,0
108,a,a,W,26130,260,-15,-21,a,6,3,3,0,0,0,0,0,7700,3000,0
109,a,a,W,19420,279,-35,-13,a,4,3,1,0,0,0,0,0,2800,1000,0
110,b,b,W,26290,104,-6,-67,a,5,2,2,1,0,0,0,0,25300,20000,0
111,b,b,W,18580,121,-31,-59,a,2,2,0,0,0,0,0,0,1200,800,0
112,b,b,W,9130,68,-64,-75,a,3,2,1,0,0,0,0,0,2000,1000,0
113,a,b,N,6340,18,10,-70,a,2,1,1,0,0,0,0,0,9300,9000,0
114,a,b,N,1200,15,-79,-74,a,0,0,0,0,0,0,0,0,0,0,0
115,a,b,N,1020,10,-81,-82,a,0,0,0,0,0,0,0,0,0,0,0
116,a,a,N,2360,16,-54,-71,a,0,0,0,0,0,0,0,0,0,0,0
117,a,a,N,1070,17,-73,-65,a,0,0,0,0,0,0,0,0,0,0,0
118,a,a,N,500,7,-83,-82,a,0,0,0,0,0,0,0,0,0,0,0
119,a,a,N,340,6,-87,-85,a,0,0,0,0,0,0,0,0,0,0,0
120,a,a,N,100,4,-96,-90,a,0,0,0,0,0,0,0,0,0,0,0
121,a,a,N,720,2,-62,-95,a,0,0,0,0,0,0,0,0,0,0,0
122,a,a,N,950,4,-40,-90,a,0,0,0,0,0,0,0,0,0,0,0
123,a,a,N,430,3,-71,-92,a,0,0,0,0,0,0,0,0,0,0,0
124,a,a,N,290,3,-67,-92,a,1,0,1,0,0,0,0,0,3000,3000,0
125,a,a,N,3330,37,-42,-39,a,2,2,0,0,0,0,0,0,1200,900,0
126,a,a,W,11740,46,-90,-96,a,1,0,1,0,0,0,0,0,4000,4000,0
127,a,a,N,850,6,-85,-90,a,0,0,0,0,0,0,0,0,0,0,0
128,a,a,W,5240,18,-96,-96,a,1,1,0,0,0,0,0,0,600,600,0
129,a,a,W,17910,86,-85,-79,a,4,0,4,0,0,0,0,0,12000,6000,0
130,a,a,W,145440,358,-3,-28,a,0,0,0,0,0,0,0,0,0,0,0
131,a,b,N,67480,141,-10,-44,a,3,2,1,0,0,0,0,0,2800,2000,0
132,a,b,W,239660,501,60,3,a,1,0,1,0,0,0,0,0,8000,8000,0
133,a,b,W,229690,485,45,0,a,4,3,1,0,0,0,0,0,2500,1000,0
134,a,b,N,49410,74,-33,-69,a,2,0,2,0,0,0,0,0,6000,3000,0
135,a,b,W,197620,406,19,-16,a,0,0,0,0,0,0,0,0,0,0,0
136,a,b,N,68200,137,-5,-38,a,0,0,0,0,0,0,0,0,0,0,0
137,a,b,N,53380,108,-13,-8,a,3,2,1,0,0,0,0,0,1700,1000,0
138,a,b,W,179710,274,5,-42,a,4,3,1,0,0,0,0,0,3000,2000,0
139,a,b,N,29650,93,-51,-20,a,0,0,0,0,0,0,0,0,0,0,0
140,a,b,W,111510,169,-36,-63,a,2,0,2,0,0,0,0,0,5000,3000,0
141,a,a,N,28020,51,12,-14,a,0,0,0,0,0,0,0,0,0,0,0
142,a,b,N,44790,57,74,-3,a,0,0,0,0,0,0,0,0,0,0,0
143,a,b,W,68130,162,-9,-9,a,2,2,0,0,0,0,0,0,1000,600,0
144,b,a,W,47840,594,106,27,a,0,0,0,0,0,0,0,0,0,0,0
145,b,a,W,18690,401,-20,-15,a,1,1,0,0,0,0,0,0,700,700,0
146,b,a,W,35830,407,54,-13,a,0,0,0,0,0,0,0,0,0,0,0
147,a,a,W,30650,424,29,-8,a,1,0,1,0,0,0,0,0,4000,4000,0
148,a,a,W,38400,555,62,21,a,2,0,2,0,0,0,0,0,12000,8000,0
149,b,a,N,8560,210,-18,2,a,0,0,0,0,0,0,0,0,0,0,0
150,b,a,N,8470,203,-17,8,a,0,0,0,0,0,0,0,0,0,0,0
151,b,a,N,7220,218,-29,16,a,0,0,0,0,0,0,0,0,0,0,0
152,b,a,N,11700,181,15,-4,a,0,0,0,0,0,0,0,0,0,0,0
153,b,a,N,6970,154,-33,-25,a,0,0,0,0,0,0,0,0,0,0,0
154,b,a,W,6920,158,-41,-32,a,0,0,0,0,0,0,0,0,0,0,0
155,b,a,W,17200,262,47,14,a,0,0,0,0,0,0,0,0,0,0,0
156,b,a,W,42640,576,264,150,a,0,0,0,0,0,0,0,0,0,0,0
157,b,a,W,15130,372,18,51,a,0,0,0,0,0,0,0,0,0,0,0
158,b,a,W,15740,222,4,-27,a,1,0,1,0,0,0,0,0,6000,6000,0
159,b,a,W,12470,227,-2,-8,a,0,0,0,0,0,0,0,0,0,0,0
160,b,a,W,19290,268,28,-12,a,1,0,1,0,0,0,0,0,1000,1000,0
161,b,a,W,24620,362,63,18,a,0,0,0,0,0,0,0,0,0,0,0
162,b,a,W,13460,229,-11,-25,a,0,0,0,0,0,0,0,0,0,0,0
163,b,a,W,14660,229,-3,-25,a,0,0,0,0,0,0,0,0,0,0,0
164,b,a,W,37560,493,149,61,a,1,1,0,0,0,0,0,0,200,200,0
165,b,a,W,27740,443,81,41,a,0,0,0,0,0,0,0,0,0,0,0
166,b,a,W,15460,249,15,-2,a,0,0,0,0,0,0,0,0,0,0,0
167,b,a,W,22060,275,64,8,a,0,0,0,0,0,0,0,0,0,0,0
168,b,a,W,16330,270,7,-14,a,0,0,0,0,0,0,0,0,0,0,0
169,b,a,W,28910,307,115,20,a,0,0,0,0,0,0,0,0,0,0,0
170,b,a,W,81410,785,432,151,b,0,0,0,0,0,0,0,0,0,0,0
171,b,a,W,42110,555,213,118,a,0,0,0,0,0,0,0,0,0,0,0
172,b,a,W,26960,540,101,112,a,0,0,0,0,0,0,0,0,0,0,0
173,a,a,W,16130,322,2,2,a,0,0,0,0,0,0,0,0,0,0,0
174,a,a,W,12750,235,-10,-10,a,0,0,0,0,0,0,0,0,0,0,0
175,a,a,W,127360,351,-54,-53,a,1,1,0,0,0,0,0,0,700,700,1
176,a,b,W,715540,1471,-13,-4,a,2,2,0,0,0,0,0,0,900,600,1
177,a,b,N,92520,169,-73,-74,a,1,0,0,1,0,0,0,0,10000,10000,1
178,a,a,N,384230,751,4,6,a,3,1,2,0,0,0,0,0,9700,6000,1
179,a,a,W,1034700,1837,33,-6,a,1,0,1,0,0,0,0,0,2000,2000,1
180,a,a,W,1766860,2899,32,18,a,0,0,0,0,0,0,0,0,0,0,1
181,a,b,W,1061760,1443,-3,0,a,1,0,1,0,0,0,0,0,3000,3000,1
182,a,b,W,1514120,1518,28,12,a,3,2,1,0,0,0,0,0,1900,1000,1
183,b,b,W,1132810,1893,-14,34,a,5,3,2,0,0,0,0,0,7000,3000,1
184,b,b,W,600400,1688,-54,-1,b,2,1,1,0,0,0,0,0,2200,2000,1
185,b,b,W,588930,1807,-50,-2,a,1,0,1,0,0,0,0,0,4000,4000,1
186,a,a,W,509190,1758,-45,-15,a,2,1,1,0,0,0,0,0,2300,2000,1
187,a,a,W,627380,3155,-1,54,a,1,1,0,0,0,0,0,0,800,800,1
188,a,a,W,538060,2075,-5,-11,a,2,2,0,0,0,0,0,0,900,700,1
189,b,a,W,372470,1848,-35,-22,a,3,0,2,1,0,0,0,0,70000,60000,1
190,a,b,W,576200,1558,15,-22,a,6,3,3,0,0,0,0,0,21300,8000,1
191,a,b,W,836500,2313,55,19,a,4,0,4,0,0,0,0,0,19000,9000,1
192,b,b,W,754760,2218,30,15,a,2,1,1,0,0,0,0,0,3200,3000,1
193,b,a,W,450490,1437,-30,-28,a,6,2,4,0,0,0,0,0,12700,4000,1
194,b,a,W,932410,2464,47,28,a,7,4,2,1,0,0,0,0,36500,30000,1
195,b,a,W,568200,1834,-16,-7,a,4,2,1,1,0,0,0,0,32700,30000,1
196,a,a,W,447360,1332,-37,-33,a,2,1,1,0,0,0,0,0,8400,8000,1
197,b,a,W,993080,3023,49,56,a,3,1,0,2,0,0,0,0,70800,40000,1
198,b,a,W,788650,2361,18,17,a,3,2,1,0,0,0,0,0,6100,5000,1
199,b,a,W,415690,1486,-37,-26,a,1,0,1,0,0,0,0,0,7000,7000,1
200,b,a,W,649840,2256,6,17,a,3,1,2,0,0,0,0,0,8400,7000,1
201,b,a,W,380320,1545,-40,-24,a,4,1,2,1,0,0,0,0,30900,20000,1
202,b,a,W,401730,1329,-32,-31,a,3,2,0,1,0,0,0,0,91700,90000,1
203,b,a,W,557510,1946,5,8,a,3,2,1,0,0,0,0,0,5800,5000,1
204,a,a,W,434360,1584,-38,-60,a,2,0,2,0,0,0,0,0,9000,6000,1
205,b,a,W,388530,1539,-11,-11,a,2,1,1,0,0,0,0,0,3200,3000,1
206,a,a,W,261010,1352,-38,-19,a,2,1,1,0,0,0,0,0,3700,3000,1
207,b,a,W,394660,1764,-2,8,a,3,1,1,1,0,0,0,0,35900,30000,1
208,a,b,W,820600,3506,92,97,a,2,1,1,0,0,0,0,0,8700,8000,1
209,b,a,W,577770,2765,27,38,a,1,0,1,0,0,0,0,0,2000,2000,1
210,a,a,W,268170,1352,-41,-35,a,1,1,0,0,0,0,0,0,400,400,1
211,b,a,W,332180,1890,-33,-16,a,1,0,1,0,0,0,0,0,1000,1000,1
212,b,a,W,199030,1255,-30,-45,a,2,2,0,0,0,0,0,0,700,400,1
213,b,a,W,192650,1185,-8,-14,a,4,2,1,1,0,0,0,0,27100,20000,1
214,b,a,W,320110,1844,54,35,a,2,1,0,1,0,0,0,0,20600,20000,1
215,b,a,W,206610,1421,-7,1,a,2,1,1,0,0,0,0,0,4200,4000,1
216,a,a,N,65250,450,-74,-70,a,0,0,0,0,0,0,0,0,0,0,1
217,b,b,W,887140,3327,128,144,b,5,3,2,0,0,0,0,0,6200,2000,1
218,b,b,W,690550,3915,28,29,a,3,1,1,1,0,0,0,0,34400,30000,1
219,b,a,W,609620,2344,11,-22,a,2,2,0,0,0,0,0,0,900,500,1
220,b,a,W,581540,2102,7,-23,a,2,1,1,0,0,0,0,0,6500,6000,1
221,a,b,W,546980,2212,-3,-7,a,1,1,0,0,0,0,0,0,100,100,1
222,a,a,W,55730,387,-89,-87,a,3,2,1,0,0,0,0,0,9600,8000,1
223,b,a,W,91510,768,-78,-69,a,3,2,1,0,0,0,0,0,5900,5000,1
224,a,a,W,189840,1276,-50,-45,a,6,1,5,0,0,0,0,0,17900,7000,1
225,b,a,W,122850,886,-58,-52,a,3,2,1,0,0,0,0,0,6900,6000,1
226,b,a,W,91420,774,-61,-49,a,4,1,3,0,0,0,0,0,12700,9000,1
227,a,a,W,122640,979,10,21,a,6,4,2,0,0,0,0,0,9200,6000,1
228,b,b,W,122410,902,8,9,a,3,2,1,0,0,0,0,0,3600,3000,1
229,a,c,W,83180,744,-32,-19,a,3,1,2,0,0,0,0,0,14600,9000,1
230,b,a,W,19520,211,-2,6,a,2,1,1,0,0,0,0,0,3200,3000,1
231,b,a,W,38180,322,-6,0,a,3,1,2,0,0,0,0,0,11500,8000,1
232,b,b,W,68970,624,71,94,a,5,2,2,1,0,0,0,0,34400,20000,1
233,b,b,W,36100,285,-14,-19,a,6,3,3,0,0,0,0,0,14300,9000,1
234,a,a,W,34600,389,-13,6,a,4,0,4,0,0,0,0,0,15000,8000,1
235,b,a,W,45670,382,26,5,a,5,1,4,0,0,0,0,0,10800,5000,1
236,a,b,W,17660,224,-41,-27,a,5,2,3,0,0,0,0,0,9900,4000,1
237,b,b,W,54610,527,95,84,a,6,1,5,0,0,0,0,0,14700,4000,1
238,b,b,W,29410,345,-6,7,a,7,1,3,3,0,0,0,0,114400,70000,1
239,b,b,W,60390,622,96,96,a,9,4,4,1,0,0,0,0,40600,20000,1
240,b,b,W,39330,409,6,10,a,6,4,2,0,0,0,0,0,8200,6000,1
241,b,b,N,10370,134,-44,-6,a,3,1,2,0,0,0,0,0,6300,4000,1
242,b,b,W,34960,565,-27,2,a,5,1,4,0,0,0,0,0,14200,7000,1
243,a,b,W,61770,1062,31,90,a,6,2,4,0,0,0,0,0,10800,6000,1
244,a,a,N,4630,89,-56,-42,a,1,0,0,0,0,0,0,0,50,50,1
245,b,a,N,3250,68,-67,-54,a,1,0,0,1,0,0,0,0,30000,30000,1
246,a,b,N,19320,320,106,118,b,2,1,1,0,0,0,0,0,2300,2000,1
247,b,b,W,39700,805,-17,5,a,3,1,2,0,0,0,0,0,8700,5000,1
248,b,b,W,61140,306,22,-69,a,8,5,2,1,0,0,0,0,89400,80000,1
249,b,b,W,108750,384,96,-56,a,4,2,2,0,0,0,0,0,6200,3000,1
250,a,a,W,106610,546,26,43,a,6,2,4,0,0,0,0,0,20800,7000,1
251,a,a,W,80210,525,18,32,a,3,1,2,0,0,0,0,0,2700,1000,1
252,a,b,N,1860,33,-78,-30,a,1,0,1,0,0,0,0,0,4000,4000,1
253,b,b,W,31620,208,-64,-45,a,2,1,0,1,0,0,0,0,40400,40000,1
254,a,a,W,20380,162,-58,-59,a,2,1,1,0,0,0,0,0,4700,4000,1
255,a,a,N,7570,69,69,67,a,1,0,1,0,0,0,0,0,5000,5000,1
256,a,b,W,32690,380,-31,-5,a,2,2,0,0,0,0,0,0,1100,700,1
257,a,a,W,31250,430,-16,2,a,3,0,3,0,0,0,0,0,4000,2000,1
258,a,b,W,14990,185,-49,-51,a,2,1,1,0,0,0,0,0,4500,4000,1
259,b,b,W,13740,218,-55,-42,a,0,0,0,0,0,0,0,0,0,0,1
260,a,b,W,28520,483,-19,5,b,3,3,0,0,0,0,0,0,1700,700,1
261,b,b,W,92780,1256,173,172,b,5,2,2,1,0,0,0,0,23500,20000,1
262,a,b,W,81410,441,-19,-56,a,3,2,1,0,0,0,0,0,10200,9000,1
263,a,a,W,54150,307,-46,-35,a,3,3,0,0,0,0,0,0,800,300,1
264,a,a,W,69660,362,-10,-8,a,2,2,0,0,0,0,0,0,800,500,1
265,a,a,W,20250,157,-41,-39,a,4,3,1,0,0,0,0,0,2600,1000,1
266,a,a,W,29150,259,0,18,a,1,1,0,0,0,0,0,0,600,600,1
267,b,a,W,40200,334,45,59,a,1,1,0,0,0,0,0,0,900,900,1
268,a,a,N,4420,60,-2,28,a,0,0,0,0,0,0,0,0,0,0,1
269,a,b,W,31390,376,-7,18,a,2,0,2,0,0,0,0,0,6000,4000,1
270,b,a,W,11230,103,-65,-68,a,4,1,2,1,0,0,0,0,25200,20000,1
271,a,a,W,21760,250,-54,-48,a,2,2,0,0,0,0,0,0,600,400,1
272,a,b,W,20160,243,-47,-36,a,2,1,1,0,0,0,0,0,2700,2000,1
273,a,a,W,71080,767,88,94,a,5,3,2,0,0,0,0,0,4600,2000,1
274,a,a,W,50090,699,-5,19,a,3,1,2,0,0,0,0,0,12600,7000,1
275,a,b,W,44770,770,-22,2,a,1,0,1,0,0,0,0,0,1000,1000,1
276,b,a,W,51230,944,-10,8,a,2,0,2,0,0,0,0,0,5000,3000,1
277,b,a,W,29900,665,-50,-31,a,1,1,0,0,0,0,0,0,900,900,1
278,a,a,W,107100,1003,-28,-21,a,3,3,0,0,0,0,0,0,1600,600,1
279,b,a,W,127110,1140,-12,-9,a,3,1,1,1,0,0,0,0,22600,20000,1
280,b,a,W,134890,1411,-10,9,a,1,0,1,0,0,0,0,0,6000,6000,1
281,b,b,W,306400,2522,112,98,b,3,2,0,1,0,0,0,0,31000,30000,1
282,b,b,W,83490,898,-49,-37,b,2,1,0,0,1,0,0,0,100300,100000,1
283,a,a,W,95280,1031,-32,-21,a,2,1,1,0,0,0,0,0,3600,3000,1
284,a,a,N,12490,122,-59,-39,a,1,1,0,0,0,0,0,0,700,700,1
285,b,a,W,166220,1762,7,20,a,0,0,0,0,0,0,0,0,0,0,1
286,b,a,W,127010,1388,-30,-22,a,3,0,3,0,0,0,0,0,9000,5000,1
287,b,a,W,167100,1690,-7,-6,a,1,0,1,0,0,0,0,0,7000,7000,1
288,b,a,W,254750,2932,50,66,a,1,0,1,0,0,0,0,0,2000,2000,1
289,b,a,W,118110,1660,-34,-15,a,1,0,1,0,0,0,0,0,2000,2000,1
290,a,a,N,6040,112,-44,-24,a,2,1,1,0,0,0,0,0,2400,2000,1
291,a,a,W,18960,178,-38,-47,a,3,2,1,0,0,0,0,0,5800,5000,1
292,a,b,N,52000,134,44,97,a,0,0,0,0,0,0,0,0,0,0,1
293,a,a,W,79240,1381,124,47,a,0,0,0,0,0,0,0,0,0,0,1
294,a,b,W,21060,242,-14,-42,a,0,0,0,0,0,0,0,0,0,0,1
295,b,a,W,49510,521,89,27,a,0,0,0,0,0,0,0,0,0,0,1
296,a,b,W,31800,769,295,313,b,0,0,0,0,0,0,0,0,0,0,1
297,b,b,W,19680,288,121,37,b,0,0,0,0,0,0,0,0,0,0,1
298,a,a,W,17670,538,4,-3,a,0,0,0,0,0,0,0,0,0,0,1
299,b,a,W,20860,470,180,131,a,0,0,0,0,0,0,0,0,0,0,1
300,b,a,W,29500,794,119,106,a,0,0,0,0,0,0,0,0,0,0,1
301,b,b,W,42220,515,159,79,a,0,0,0,0,0,0,0,0,0,0,1
302,b,b,W,61620,1211,176,104,a,0,0,0,0,0,0,0,0,0,0,1
303,b,b,W,46640,1439,88,116,a,0,0,0,0,0,0,0,0,0,0,1
304,b,b,W,21060,588,-37,-36,b,0,0,0,0,0,0,0,0,0,0,1
305,a,a,W,25200,318,-20,-40,a,1,0,1,0,0,0,0,0,1000,1000,1
306,b,b,W,55200,1259,35,9,a,1,0,1,0,0,0,0,0,4000,4000,1
307,a,a,W,40070,501,16,-11,a,0,0,0,0,0,0,0,0,0,0,1
308,a,b,W,64380,844,94,57,a,4,3,1,0,0,0,0,0,4200,3000,1
309,a,b,W,35450,567,6,8,a,2,2,0,0,0,0,0,0,600,500,1
310,a,b,W,43270,673,29,28,a,0,0,0,0,0,0,0,0,0,0,1
311,b,b,W,36100,608,8,17,a,0,0,0,0,0,0,0,0,0,0,1
312,a,b,W,18820,396,-45,-28,a,0,0,0,0,0,0,0,0,0,0,1
313,b,b,W,58460,540,73,1,a,2,1,1,0,0,0,0,0,3900,3000,1
314,b,a,W,19890,236,-40,-55,a,1,0,1,0,0,0,0,0,8000,8000,1
315,b,a,W,20550,381,-37,-26,a,0,0,0,0,0,0,0,0,0,0,1
316,b,a,W,26210,619,-20,20,a,0,0,0,0,0,0,0,0,0,0,1
317,a,a,N,7290,185,-20,0,a,0,0,0,0,0,0,0,0,0,0,1
318,b,a,W,58850,679,113,-20,a,3,3,0,0,0,0,0,0,1300,800,1
319,a,b,W,59840,696,124,7,a,2,1,1,0,0,0,0,0,6300,6000,1
320,a,b,W,66030,812,112,52,a,0,0,0,0,0,0,0,0,0,0,1
321,b,b,W,21220,540,-26,-14,b,0,0,0,0,0,0,0,0,0,0,1
322,a,a,W,20760,324,41,6,a,1,1,0,0,0,0,0,0,400,400,1
323,b,a,W,27320,453,17,-4,a,0,0,0,0,0,0,0,0,0,0,1
324,a,a,W,48560,726,105,58,a,0,0,0,0,0,0,0,0,0,0,1
325,b,b,W,45330,648,72,40,b,2,2,0,0,0,0,0,0,900,600,1
326,a,a,W,32810,524,-3,-2,a,0,0,0,0,0,0,0,0,0,0,1
327,a,a,W,77740,758,182,57,a,2,1,1,0,0,0,0,0,1200,1000,1
328,a,a,W,46540,729,69,51,a,1,1,0,0,0,0,0,0,300,300,1
329,a,c,W,67230,1155,57,75,b,2,1,1,0,0,0,0,0,3500,3000,1
330,a,c,W,95180,1144,122,73,b,2,0,1,1,0,0,0,0,27000,20000,1
331,b,b,N,16930,792,121,234,a,1,1,0,0,0,0,0,0,200,200,1
332,b,a,W,59360,1033,107,31,a,2,1,1,0,0,0,0,0,2400,2000,1
333,b,a,W,99010,1360,82,62,a,3,1,2,0,0,0,0,0,4200,2000,1
334,b,b,W,49120,485,96,-3,a,0,0,0,0,0,0,0,0,0,0,1
335,a,b,W,32920,363,32,-27,a,0,0,0,0,0,0,0,0,0,0,1
336,b,b,W,40620,398,56,-18,a,0,0,0,0,0,0,0,0,0,0,1
337,a,a,W,18590,320,-34,-31,a,0,0,0,0,0,0,0,0,0,0,1
338,b,a,W,25160,411,-20,-8,a,0,0,0,0,0,0,0,0,0,0,1
339,a,b,W,34350,462,15,5,a,0,0,0,0,0,0,0,0,0,0,1
340,a,a,N,1620,55,-85,-72,a,0,0,0,0,0,0,0,0,0,0,1
341,a,a,W,10910,269,-30,-5,a,1,0,1,0,0,0,0,0,1000,1000,1
342,b,a,W,36410,646,152,142,a,0,0,0,0,0,0,0,0,0,0,1
343,a,a,N,9070,195,-11,4,a,0,0,0,0,0,0,0,0,0,0,1
344,a,a,W,28000,572,115,119,a,0,0,0,0,0,0,0,0,0,0,1
